sym,name,yahoo,status
ABB,ABB,ABB.ST,nuvarande
ADDT-B,Addtech B,ADDT-B.ST,nuvarande
ALFA,Alfa Laval,ALFA.ST,nuvarande
ASSA-B,Assa Abloy B,ASSA-B.ST,nuvarande
AZN,AstraZeneca,AZN.ST,nuvarande
ATCO-A,Atlas Copco A,ATCO-A.ST,nuvarande
BOL,Boliden,BOL.ST,nuvarande
EPI-A,Epiroc A,EPI-A.ST,nuvarande
EQT,EQT,EQT.ST,nuvarande
ERIC-B,Ericsson B,ERIC-B.ST,nuvarande
ESSITY-B,Essity B,ESSITY-B.ST,nuvarande
EVO,Evolution,EVO.ST,nuvarande
HM-B,H&M B,HM-B.ST,nuvarande
HEXA-B,Hexagon B,HEXA-B.ST,nuvarande
INDU-C,Industrivärden C,INDU-C.ST,nuvarande
INVE-B,Investor B,INVE-B.ST,nuvarande
LIFCO-B,Lifco B,LIFCO-B.ST,nuvarande
NIBE-B,NIBE B,NIBE-B.ST,nuvarande
NDA-SE,Nordea,NDA-SE.ST,nuvarande
SAAB-B,Saab B,SAAB-B.ST,nuvarande
SAND,Sandvik,SAND.ST,nuvarande
SCA-B,SCA B,SCA-B.ST,nuvarande
SEB-A,SEB A,SEB-A.ST,nuvarande
SHB-A,Handelsbanken A,SHB-A.ST,nuvarande
SKF-B,SKF B,SKF-B.ST,nuvarande
SWED-A,Swedbank A,SWED-A.ST,nuvarande
TEL2-B,Tele2 B,TEL2-B.ST,nuvarande
TELIA,Telia Company,TELIA.ST,nuvarande
VOLV-B,Volvo B,VOLV-B.ST,nuvarande
GETI-B,Getinge B,GETI-B.ST,tidigare
ALIV-SDB,Autoliv SDB,ALIV-SDB.ST,tidigare
TIGO-SDB,Millicom SDB,TIGO-SDB.ST,tidigare
SKA-B,Skanska B,SKA-B.ST,tidigare
KINV-B,Kinnevik B,KINV-B.ST,tidigare
ELUX-B,Electrolux B,ELUX-B.ST,tidigare
SSAB-A,SSAB A,SSAB-A.ST,tidigare
SECU-B,Securitas B,SECU-B.ST,tidigare
SBB-B,SBB B,SBB-B.ST,tidigare
SINCH,Sinch,SINCH.ST,tidigare
FING-B,Fingerprint Cards B,FING-B.ST,tidigare
LUMI,Lundin Mining,LUMI.ST,tidigare
STE-R,Stora Enso R,STE-R.ST,tidigare
SWMA,Swedish Match,,avnoterad
ICA,ICA Gruppen,,avnoterad
LUNE,Lundin Energy,,avnoterad
